<?xml version="1.0" encoding="UTF-8"?>
<configuration  scan="true" scanPeriod="60 seconds" debug="false">
    <springProfile name="dev">
        <!--输出到控制台-->
        <appender name="console" class="ch.qos.logback.core.ConsoleAppender">
            <encoder>
                <pattern>%d{HH:mm:ss} [%thread] %-5level %logger{36} - %msg%n%ex</pattern>
            </encoder>
        </appender>
        <root level="info">
            <appender-ref ref="console" />
        </root>
    </springProfile>

    <springProfile name="prod,test">
        <!--ERROR级别的日志放在logErrorDir目录下，INFO级别的日志放在logInfoDir目录下-->
        <property name="logback.logErrorDir" value="/root/lottery-system/logs/error"/>
        <property name="logback.logInfoDir" value="/root/lottery-system/logs/info"/>
        <property name="logback.appName" value="lotterySystem"/>
        <contextName>${logback.appName}</contextName>

        <!--ERROR级别的日志配置如下-->
        <appender name="fileErrorLog" class="ch.qos.logback.core.rolling.RollingFileAppender">
            <!--日志名称，如果没有File 属性，那么只会使用FileNamePattern的文件路径规则
                如果同时有<File>和<FileNamePattern>，那么当天日志是<File>，明天会自动把今天
                的日志改名为今天的日期。即，<File> 的日志都是当天的。
            -->
            <File>${logback.logErrorDir}/error.log</File>
            <!-- 日志level过滤器，保证error.***.log中只记录ERROR级别的日志-->
            <filter class="ch.qos.logback.classic.filter.LevelFilter">
                <level>ERROR</level>
                <onMatch>ACCEPT</onMatch>
                <onMismatch>DENY</onMismatch>
            </filter>
            <!--滚动策略，按照时间滚动 TimeBasedRollingPolicy-->
            <rollingPolicy class="ch.qos.logback.core.rolling.TimeBasedRollingPolicy">
                <!--文件路径,定义了日志的切分方式——把每一天的日志归档到一个文件中,以防止日志填满整个磁盘空间-->
                <FileNamePattern>${logback.logErrorDir}/error.%d{yyyy-MM-dd}.log</FileNamePattern>
                <!--只保留最近14天的日志-->
                <maxHistory>14</maxHistory>
                <!--用来指定日志文件的上限大小，那么到了这个值，就会删除旧的日志-->
                <!--<totalSizeCap>1GB</totalSizeCap>-->
            </rollingPolicy>
            <!--日志输出编码格式化-->
            <encoder>
                <charset>UTF-8</charset>
                <pattern>%d [%thread] %-5level %logger{36} %line - %msg%n%ex</pattern>
            </encoder>
        </appender>

        <!--INFO级别的日志配置如下-->
        <appender name="fileInfoLog" class="ch.qos.logback.core.rolling.RollingFileAppender">
            <!--日志名称，如果没有File 属性，那么只会使用FileNamePattern的文件路径规则
                如果同时有<File>和<FileNamePattern>，那么当天日志是<File>，明天会自动把今天
                的日志改名为今天的日期。即，<File> 的日志都是当天的。
            -->
            <File>${logback.logInfoDir}/info.log</File>
            <!--自定义过滤器，保证info.***.log中只打印INFO级别的日志, 填写全限定路径-->
            <filter class="com.bite.lotterysystem.common.filter.InfoLevelFilter"/>
            <!--滚动策略，按照时间滚动 TimeBasedRollingPolicy-->
            <rollingPolicy class="ch.qos.logback.core.rolling.TimeBasedRollingPolicy">
                <!--文件路径,定义了日志的切分方式——把每一天的日志归档到一个文件中,以防止日志填满整个磁盘空间-->
                <FileNamePattern>${logback.logInfoDir}/info.%d{yyyy-MM-dd}.log</FileNamePattern>
                <!--只保留最近14天的日志-->
                <maxHistory>14</maxHistory>
                <!--用来指定日志文件的上限大小，那么到了这个值，就会删除旧的日志-->
                <!--<totalSizeCap>1GB</totalSizeCap>-->
            </rollingPolicy>
            <!--日志输出编码格式化-->
            <encoder>
                <charset>UTF-8</charset>
                <pattern>%d [%thread] %-5level %logger{36} %line - %msg%n%ex</pattern>
            </encoder>
        </appender>
        <root level="info">
            <appender-ref ref="fileErrorLog" />
            <appender-ref ref="fileInfoLog"/>
        </root>
    </springProfile>
</configuration>